Customer_ID,Gender,Age,Region,Product_Category,Units_Purchased,Price_Per_Unit,Purchase_Date,Total_Amount
CUST_0001,Male,34,East,Clothing,2,211.44,2026-02-16,422.88
CUST_0002,Female,26,Central,Clothing,3,180.2,2026-02-04,540.5999999999999
CUST_0003,Female,50,North,Sports,6,450.92,2026-07-02,2705.52
CUST_0004,Female,37,East,Beauty,7,20.69,2026-06-18,144.83
CUST_0005,Male,30,North,Beauty,9,335.26,2025-10-30,3017.34
CUST_0006,Male,45,Central,Home & Kitchen,1,482.06,2026-04-05,482.06
CUST_0007,Male,65,Central,Home & Kitchen,7,284.48,2026-05-31,1991.3600000000001
CUST_0008,Female,46,South,Beauty,8,469.04,2026-02-01,3752.32
CUST_0009,Female,30,West,Sports,3,35.61,2026-01-20,106.83
CUST_0010,Female,63,North,Beauty,4,215.21,2026-01-11,860.84
CUST_0011,Male,52,North,Sports,6,137.48,2026-04-08,824.8799999999999
CUST_0012,Non-Binary,23,East,Home & Kitchen,7,368.1,2026-09-22,2576.7000000000003
CUST_0013,Female,35,Central,Electronics,4,490.84,2026-01-01,1963.36
CUST_0014,Male,68,North,Home & Kitchen,8,135.7,2025-09-30,1085.6
CUST_0015,Male,22,Central,Home & Kitchen,5,330.55,2025-12-19,1652.75
CUST_0016,Male,64,North,Clothing,1,107.07,2026-06-29,107.07
CUST_0017,Male,42,South,Clothing,4,287.01,2026-02-22,1148.04
CUST_0018,Female,19,West,Clothing,3,237.33,2026-01-31,711.99
CUST_0019,Male,27,North,Clothing,9,486.28,2025-12-21,4376.5199999999995
CUST_0020,Male,47,Central,Sports,8,308.18,2026-07-03,2465.44
CUST_0021,Female,67,South,Beauty,1,181.26,2025-12-30,181.26
CUST_0022,Male,62,North,Electronics,6,65.91,2026-04-27,395.46
CUST_0023,Male,22,East,Home & Kitchen,9,84.11,2025-10-16,756.99
CUST_0024,Male,50,West,Sports,7,120.41,2025-11-12,842.87
CUST_0025,Male,18,North,Electronics,4,132.97,2026-04-11,531.88
CUST_0026,Female,35,South,Sports,1,426.8,2026-01-26,426.8
CUST_0027,Male,49,East,Sports,2,285.0,2025-11-20,570.0
CUST_0028,Female,64,South,Home & Kitchen,5,266.46,2026-06-17,1332.3
CUST_0029,Female,66,South,Beauty,5,66.24,2025-12-22,331.2
CUST_0030,Male,28,East,Clothing,8,431.47,2025-10-30,3451.76
CUST_0031,Female,38,South,Beauty,6,364.18,2025-11-13,2185.08
CUST_0032,Male,43,East,Home & Kitchen,8,43.16,2026-09-12,345.28
CUST_0033,Male,42,North,Home & Kitchen,2,356.84,2025-10-28,713.68
CUST_0034,Female,39,East,Home & Kitchen,3,276.33,2026-06-15,828.99
CUST_0035,Non-Binary,44,East,Electronics,6,50.05,2025-10-29,300.29999999999995
CUST_0036,Female,66,West,Beauty,3,234.57,2026-01-23,703.71
CUST_0037,Male,30,East,Beauty,6,247.5,2026-04-22,1485.0
CUST_0038,Male,50,East,Sports,6,91.23,2025-12-28,547.38
CUST_0039,Female,51,North,Sports,2,473.39,2026-02-04,946.78
CUST_0040,Male,58,West,Sports,7,426.49,2025-11-14,2985.4300000000003
CUST_0041,Male,52,Central,Home & Kitchen,2,337.82,2026-04-25,675.64
CUST_0042,Female,18,North,Beauty,6,236.52,2026-03-06,1419.1200000000001
CUST_0043,Male,38,North,Home & Kitchen,1,211.77,2026-09-29,211.77
CUST_0044,Female,65,Central,Electronics,3,328.98,2025-12-20,986.94
CUST_0045,Male,23,East,Sports,2,277.26,2026-03-11,554.52
CUST_0046,Female,45,South,Home & Kitchen,7,40.51,2025-11-15,283.57
CUST_0047,Male,34,West,Home & Kitchen,4,261.13,2026-09-22,1044.52
CUST_0048,Female,22,South,Electronics,8,405.14,2026-03-17,3241.12
CUST_0049,Female,48,Central,Clothing,6,235.03,2025-10-25,1410.18
CUST_0050,Male,22,North,Beauty,4,35.46,2026-03-23,141.84
CUST_0051,Non-Binary,55,North,Clothing,5,395.28,2026-03-15,1976.3999999999999
CUST_0052,Female,20,West,Sports,9,108.67,2026-06-16,978.03
CUST_0053,Female,40,North,Home & Kitchen,7,136.72,2026-08-09,957.04
CUST_0054,Female,54,North,Electronics,9,90.71,2025-10-12,816.39
CUST_0055,Female,54,West,Electronics,7,171.81,2026-04-04,1202.67
CUST_0056,Female,27,West,Beauty,1,380.81,2025-10-01,380.81
CUST_0057,Male,27,Central,Clothing,8,264.5,2026-06-03,2116.0
CUST_0058,Male,36,North,Beauty,4,110.39,2026-06-09,441.56
CUST_0059,Male,34,North,Home & Kitchen,3,440.14,2026-02-07,1320.42
CUST_0060,Male,38,Central,Beauty,7,441.0,2026-06-06,3087.0
CUST_0061,Male,31,East,Electronics,3,436.58,2026-02-07,1309.74
CUST_0062,Male,26,East,Electronics,8,127.01,2026-09-07,1016.08
CUST_0063,Female,63,East,Sports,6,231.11,2025-10-13,1386.66
CUST_0064,Male,18,Central,Sports,5,492.64,2026-06-29,2463.2
CUST_0065,Male,68,North,Home & Kitchen,4,388.29,2025-12-18,1553.16
CUST_0066,Female,62,Central,Clothing,8,23.31,2025-10-28,186.48
CUST_0067,Male,30,Central,Beauty,8,41.95,2025-11-18,335.6
CUST_0068,Female,21,East,Home & Kitchen,1,237.33,2026-04-01,237.33
CUST_0069,Male,18,South,Sports,9,455.52,2026-07-10,4099.68
CUST_0070,Non-Binary,66,North,Beauty,5,273.96,2026-05-12,1369.8
CUST_0071,Female,57,East,Sports,4,253.93,2026-04-20,1015.72
CUST_0072,Male,49,South,Beauty,6,61.68,2025-11-18,370.08
CUST_0073,Male,51,South,Clothing,6,331.82,2025-10-15,1990.92
CUST_0074,Female,45,West,Home & Kitchen,2,412.83,2025-10-08,825.66
CUST_0075,Female,48,North,Beauty,8,196.41,2025-10-16,1571.28
CUST_0076,Female,25,South,Electronics,7,390.05,2026-07-02,2730.35
CUST_0077,Female,56,East,Electronics,1,482.59,2026-06-06,482.59
CUST_0078,Male,43,West,Beauty,5,109.85,2026-08-22,549.25
CUST_0079,Male,51,North,Beauty,6,266.43,2026-05-14,1598.58
CUST_0080,Male,20,Central,Beauty,4,150.7,2026-07-26,602.8
CUST_0081,Female,67,East,Electronics,2,398.5,2026-05-09,797.0
CUST_0082,Female,29,South,Electronics,4,293.02,2026-03-16,1172.08
CUST_0083,Male,18,South,Beauty,1,320.95,2025-10-05,320.95
CUST_0084,Male,61,East,Sports,7,400.98,2025-10-13,2806.86
CUST_0085,Male,22,South,Sports,2,204.03,2026-08-03,408.06
CUST_0086,Male,47,West,Clothing,2,458.39,2026-04-08,916.78
CUST_0087,Female,47,North,Home & Kitchen,9,271.18,2025-11-27,2440.62
CUST_0088,Female,34,West,Sports,5,87.4,2025-11-28,437.0
CUST_0089,Female,65,South,Electronics,2,350.99,2026-05-22,701.98
CUST_0090,Male,64,Central,Sports,9,398.7,2026-05-18,3588.2999999999997
CUST_0091,Male,40,North,Clothing,9,165.21,2026-09-20,1486.89
CUST_0092,Female,32,North,Clothing,1,430.02,2025-12-06,430.02
CUST_0093,Female,54,East,Home & Kitchen,3,454.01,2026-03-20,1362.03
CUST_0094,Female,38,East,Sports,4,145.68,2026-01-29,582.72
CUST_0095,Female,31,Central,Electronics,7,491.93,2026-03-16,3443.51
CUST_0096,Female,19,North,Electronics,4,78.95,2026-02-19,315.8
CUST_0097,Female,28,Central,Beauty,2,108.99,2026-09-18,217.98
CUST_0098,Male,68,East,Electronics,7,100.27,2026-06-16,701.89
CUST_0099,Male,56,East,Home & Kitchen,6,448.05,2025-12-11,2688.3
CUST_0100,Male,55,North,Home & Kitchen,3,330.6,2025-11-17,991.8000000000001
CUST_0101,Male,51,West,Electronics,6,84.53,2025-11-06,507.18
CUST_0102,Female,55,South,Electronics,6,225.76,2026-03-30,1354.56
CUST_0103,Male,67,East,Beauty,5,311.5,2026-08-08,1557.5
CUST_0104,Female,51,East,Electronics,4,50.9,2026-06-02,203.6
CUST_0105,Female,35,West,Beauty,1,442.38,2026-09-09,442.38
CUST_0106,Male,47,West,Beauty,6,403.77,2026-07-15,2422.62
CUST_0107,Male,32,Central,Electronics,2,257.55,2026-09-07,515.1
CUST_0108,Female,44,Central,Clothing,3,483.89,2026-09-06,1451.67
CUST_0109,Male,68,South,Clothing,8,214.7,2025-10-23,1717.6
CUST_0110,Male,51,South,Beauty,6,492.21,2026-05-01,2953.2599999999998
CUST_0111,Male,69,North,Electronics,3,337.28,2026-05-27,1011.8399999999999
CUST_0112,Male,55,Central,Clothing,7,320.99,2026-04-22,2246.9300000000003
CUST_0113,Female,50,East,Electronics,4,91.32,2026-03-22,365.28
CUST_0114,Female,41,Central,Electronics,9,442.14,2026-03-04,3979.2599999999998
CUST_0115,Female,32,East,Electronics,5,219.47,2026-05-05,1097.35
CUST_0116,Female,47,West,Sports,3,89.49,2026-09-18,268.46999999999997
CUST_0117,Female,59,Central,Electronics,2,16.18,2026-02-15,32.36
CUST_0118,Male,68,West,Sports,2,284.28,2026-03-30,568.56
CUST_0119,Female,34,South,Beauty,3,268.43,2025-12-22,805.29
CUST_0120,Female,22,South,Clothing,2,362.48,2026-09-26,724.96
CUST_0121,Female,46,North,Clothing,4,446.23,2026-01-06,1784.92
CUST_0122,Female,21,Central,Clothing,2,48.91,2026-03-13,97.82
CUST_0123,Male,27,West,Clothing,9,368.43,2026-05-08,3315.87
CUST_0124,Male,34,East,Clothing,2,101.83,2026-05-02,203.66
CUST_0125,Male,27,South,Clothing,9,430.51,2026-02-02,3874.59
CUST_0126,Male,34,South,Clothing,6,411.34,2026-09-23,2468.04
CUST_0127,Female,37,East,Beauty,1,274.99,2026-07-28,274.99
CUST_0128,Female,41,West,Electronics,4,358.02,2026-09-07,1432.08
CUST_0129,Male,22,West,Home & Kitchen,1,164.03,2026-06-05,164.03
CUST_0130,Female,51,Central,Sports,6,240.87,2026-06-05,1445.22
CUST_0131,Male,23,Central,Home & Kitchen,4,412.6,2026-05-18,1650.4
CUST_0132,Male,19,North,Home & Kitchen,3,235.04,2026-07-08,705.12
CUST_0133,Male,30,South,Electronics,3,185.32,2025-12-09,555.96
CUST_0134,Male,60,Central,Electronics,9,252.16,2025-10-05,2269.44
CUST_0135,Female,60,West,Electronics,6,415.84,2026-05-26,2495.04
CUST_0136,Male,65,East,Clothing,9,174.25,2026-07-07,1568.25
CUST_0137,Female,28,West,Beauty,5,95.14,2026-03-31,475.7
CUST_0138,Female,68,South,Clothing,2,358.89,2026-09-07,717.78
CUST_0139,Male,64,West,Beauty,8,414.73,2026-01-31,3317.84
CUST_0140,Non-Binary,40,North,Beauty,5,59.31,2026-09-30,296.55
CUST_0141,Non-Binary,33,South,Home & Kitchen,2,127.54,2026-01-16,255.08
CUST_0142,Male,48,East,Home & Kitchen,4,79.57,2025-10-25,318.28
CUST_0143,Female,28,North,Beauty,9,180.49,2025-10-13,1624.41
CUST_0144,Male,33,South,Beauty,4,230.67,2026-07-04,922.68
CUST_0145,Male,25,East,Clothing,4,376.92,2026-07-17,1507.68
CUST_0146,Male,21,North,Clothing,2,329.06,2026-01-25,658.12
CUST_0147,Female,57,North,Home & Kitchen,6,314.25,2026-05-01,1885.5
CUST_0148,Female,21,South,Electronics,2,182.66,2026-06-09,365.32
CUST_0149,Male,42,Central,Beauty,7,422.31,2026-08-22,2956.17
CUST_0150,Male,20,North,Clothing,3,240.93,2025-12-01,722.79
CUST_0151,Female,49,North,Home & Kitchen,3,489.76,2025-12-14,1469.28
CUST_0152,Male,20,East,Clothing,5,320.73,2026-08-06,1603.65
CUST_0153,Male,44,West,Beauty,3,71.87,2026-03-24,215.61
CUST_0154,Female,46,South,Beauty,2,341.33,2025-11-25,682.66
CUST_0155,Non-Binary,49,South,Sports,9,169.3,2025-11-01,1523.7
CUST_0156,Male,67,Central,Electronics,2,346.3,2026-06-05,692.6
CUST_0157,Female,68,Central,Sports,2,44.12,2025-10-02,88.24
CUST_0158,Female,36,South,Home & Kitchen,8,95.69,2026-01-02,765.52
CUST_0159,Male,38,Central,Clothing,9,429.31,2026-02-26,3863.79
CUST_0160,Female,22,East,Home & Kitchen,7,121.32,2026-04-29,849.24
CUST_0161,Male,35,South,Beauty,3,420.15,2026-06-20,1260.4499999999998
CUST_0162,Female,45,Central,Sports,9,146.85,2026-08-23,1321.6499999999999
CUST_0163,Female,59,South,Sports,3,325.01,2026-08-10,975.03
CUST_0164,Female,39,West,Sports,5,350.13,2026-07-11,1750.65
CUST_0165,Male,38,North,Home & Kitchen,9,261.2,2026-03-29,2350.7999999999997
CUST_0166,Female,23,South,Beauty,3,159.6,2026-08-25,478.79999999999995
CUST_0167,Male,18,North,Clothing,7,114.2,2025-10-11,799.4
CUST_0168,Male,22,Central,Clothing,1,26.26,2026-05-02,26.26
CUST_0169,Male,58,North,Home & Kitchen,4,158.93,2026-05-02,635.72
CUST_0170,Female,29,South,Sports,4,330.05,2026-05-25,1320.2
CUST_0171,Female,43,West,Electronics,7,469.77,2026-04-22,3288.39
CUST_0172,Male,63,Central,Home & Kitchen,8,436.89,2026-08-12,3495.12
CUST_0173,Female,51,South,Home & Kitchen,1,385.37,2025-10-21,385.37
CUST_0174,Male,66,Central,Beauty,5,396.34,2025-11-09,1981.6999999999998
CUST_0175,Female,31,East,Clothing,7,335.84,2026-08-18,2350.8799999999997
CUST_0176,Male,43,North,Home & Kitchen,4,137.54,2026-02-17,550.16
CUST_0177,Female,62,East,Home & Kitchen,4,454.53,2026-08-12,1818.12
CUST_0178,Male,44,South,Sports,4,338.66,2026-09-23,1354.64
CUST_0179,Female,26,West,Sports,6,284.62,2025-10-06,1707.72
CUST_0180,Male,43,Central,Electronics,7,64.38,2025-10-05,450.65999999999997
CUST_0181,Male,64,North,Beauty,2,229.06,2026-06-28,458.12
CUST_0182,Male,39,Central,Electronics,5,235.58,2026-02-15,1177.9
CUST_0183,Female,64,South,Sports,4,433.64,2026-02-09,1734.56
CUST_0184,Female,47,Central,Clothing,3,277.86,2026-01-19,833.58
CUST_0185,Male,60,North,Sports,7,196.4,2026-02-13,1374.8
CUST_0186,Female,65,South,Beauty,6,488.63,2026-02-22,2931.7799999999997
CUST_0187,Female,34,Central,Sports,7,64.25,2025-12-12,449.75
CUST_0188,Female,43,West,Beauty,5,217.05,2026-02-12,1085.25
CUST_0189,Female,53,South,Beauty,6,30.59,2025-11-12,183.54
CUST_0190,Male,18,South,Beauty,5,372.55,2026-07-21,1862.75
CUST_0191,Male,25,West,Beauty,7,459.86,2026-09-02,3219.02
CUST_0192,Female,66,East,Beauty,2,147.22,2025-12-18,294.44
CUST_0193,Female,52,North,Clothing,5,430.59,2026-04-04,2152.95
CUST_0194,Female,69,East,Electronics,6,153.19,2026-01-20,919.14
CUST_0195,Male,32,Central,Home & Kitchen,6,456.28,2026-08-03,2737.68
CUST_0196,Male,64,West,Electronics,5,379.44,2025-12-31,1897.2
CUST_0197,Female,39,East,Beauty,7,404.4,2026-05-09,2830.7999999999997
CUST_0198,Female,31,South,Clothing,8,18.82,2026-03-19,150.56
CUST_0199,Female,43,Central,Sports,7,481.78,2025-12-13,3372.46
CUST_0200,Female,45,Central,Clothing,5,366.07,2026-04-25,1830.35
CUST_0201,Female,40,East,Beauty,1,159.33,2025-11-12,159.33
CUST_0202,Male,31,East,Clothing,5,416.4,2026-06-09,2082.0
CUST_0203,Male,41,West,Clothing,2,147.95,2026-02-20,295.9
CUST_0204,Female,19,North,Beauty,5,437.65,2026-02-16,2188.25
CUST_0205,Female,62,East,Clothing,5,65.16,2026-05-19,325.79999999999995
CUST_0206,Male,43,East,Home & Kitchen,2,354.81,2026-03-04,709.62
CUST_0207,Male,31,South,Home & Kitchen,5,274.94,2026-08-01,1374.7
CUST_0208,Female,68,Central,Clothing,4,57.3,2025-11-12,229.2
CUST_0209,Male,24,North,Sports,1,128.53,2026-05-10,128.53
CUST_0210,Male,20,South,Beauty,3,16.08,2025-12-02,48.239999999999995
CUST_0211,Female,64,West,Home & Kitchen,1,239.7,2026-07-05,239.7
CUST_0212,Female,40,West,Sports,5,157.62,2025-12-05,788.1
CUST_0213,Female,63,East,Clothing,4,303.2,2026-05-10,1212.8
CUST_0214,Male,60,East,Sports,7,155.65,2026-09-13,1089.55
CUST_0215,Female,64,West,Electronics,5,156.96,2026-07-05,784.8000000000001
CUST_0216,Male,62,East,Home & Kitchen,4,374.16,2026-07-10,1496.64
CUST_0217,Male,35,North,Clothing,2,33.59,2025-11-05,67.18
CUST_0218,Female,55,East,Beauty,4,452.42,2026-03-05,1809.68
CUST_0219,Female,52,Central,Clothing,2,427.61,2026-06-17,855.22
CUST_0220,Female,68,East,Beauty,8,337.22,2026-05-17,2697.76
CUST_0221,Female,32,South,Clothing,3,300.68,2026-03-23,902.04
CUST_0222,Female,42,North,Sports,9,447.23,2025-12-10,4025.07
CUST_0223,Male,54,South,Sports,4,100.81,2026-09-21,403.24
CUST_0224,Male,45,South,Sports,6,48.69,2026-04-05,292.14
CUST_0225,Male,27,Central,Electronics,5,127.36,2025-10-05,636.8
CUST_0226,Male,56,North,Beauty,1,399.34,2026-07-11,399.34
CUST_0227,Non-Binary,34,North,Sports,9,26.99,2026-05-15,242.91
CUST_0228,Male,56,North,Electronics,1,295.58,2025-12-09,295.58
CUST_0229,Female,39,North,Beauty,8,497.76,2025-12-13,3982.08
CUST_0230,Female,43,North,Clothing,9,429.29,2026-08-16,3863.61
CUST_0231,Female,61,Central,Electronics,9,265.51,2025-11-15,2389.59
CUST_0232,Female,42,East,Home & Kitchen,1,41.18,2026-02-09,41.18
CUST_0233,Female,34,South,Electronics,2,417.37,2026-05-21,834.74
CUST_0234,Female,30,North,Electronics,1,303.5,2025-10-10,303.5
CUST_0235,Male,37,East,Beauty,2,66.32,2025-10-27,132.64
CUST_0236,Female,42,East,Clothing,8,55.99,2026-03-13,447.92
CUST_0237,Male,21,South,Home & Kitchen,5,455.72,2026-02-25,2278.6000000000004
CUST_0238,Male,27,Central,Sports,7,337.91,2025-11-24,2365.3700000000003
CUST_0239,Female,20,West,Sports,2,416.35,2025-12-20,832.7
CUST_0240,Male,58,West,Electronics,8,440.7,2025-11-01,3525.6
CUST_0241,Female,62,East,Beauty,6,290.17,2025-11-06,1741.02
CUST_0242,Female,35,South,Beauty,8,263.55,2025-11-19,2108.4
CUST_0243,Female,64,West,Sports,1,220.91,2026-08-06,220.91
CUST_0244,Male,53,East,Home & Kitchen,1,165.3,2025-11-21,165.3
CUST_0245,Male,64,Central,Clothing,7,222.95,2026-05-15,1560.6499999999999
CUST_0246,Female,39,West,Home & Kitchen,8,389.2,2026-01-19,3113.6
CUST_0247,Male,51,East,Clothing,3,304.94,2026-08-20,914.8199999999999
CUST_0248,Non-Binary,64,East,Sports,5,447.34,2026-02-14,2236.7
CUST_0249,Non-Binary,25,North,Clothing,1,227.26,2026-01-18,227.26
CUST_0250,Female,57,Central,Beauty,7,307.47,2025-12-23,2152.29
CUST_0251,Male,66,North,Electronics,5,319.34,2026-09-22,1596.6999999999998
CUST_0252,Male,61,South,Electronics,8,299.93,2026-01-07,2399.44
CUST_0253,Female,36,North,Sports,8,354.29,2026-02-27,2834.32
CUST_0254,Male,59,North,Beauty,9,126.34,2026-08-28,1137.06
CUST_0255,Male,58,West,Home & Kitchen,7,261.06,2026-03-04,1827.42
CUST_0256,Female,54,East,Beauty,1,61.07,2026-02-09,61.07
CUST_0257,Female,23,Central,Electronics,3,198.41,2025-11-11,595.23
CUST_0258,Female,69,North,Electronics,8,248.96,2026-01-02,1991.68
CUST_0259,Female,43,Central,Beauty,3,329.59,2026-03-14,988.77
CUST_0260,Male,51,North,Beauty,8,475.76,2026-02-26,3806.08
CUST_0261,Female,62,South,Electronics,1,304.32,2025-11-24,304.32
CUST_0262,Non-Binary,23,North,Home & Kitchen,5,374.36,2025-11-20,1871.8000000000002
CUST_0263,Male,54,West,Sports,4,258.07,2026-02-18,1032.28
CUST_0264,Female,50,East,Sports,5,320.71,2025-10-05,1603.55
CUST_0265,Female,39,South,Beauty,8,44.76,2026-05-12,358.08
CUST_0266,Female,38,North,Sports,4,134.65,2026-07-14,538.6
CUST_0267,Female,23,Central,Electronics,4,187.31,2026-09-30,749.24
CUST_0268,Female,23,South,Electronics,3,241.52,2026-08-12,724.5600000000001
CUST_0269,Male,65,South,Beauty,7,32.37,2026-04-08,226.58999999999997
CUST_0270,Male,21,North,Beauty,3,78.61,2025-10-29,235.82999999999998
CUST_0271,Female,47,South,Beauty,3,145.64,2026-05-25,436.91999999999996
CUST_0272,Female,28,Central,Home & Kitchen,5,486.05,2026-03-19,2430.25
CUST_0273,Female,47,South,Sports,5,172.36,2026-02-11,861.8000000000001
CUST_0274,Female,48,Central,Beauty,6,246.2,2026-07-30,1477.1999999999998
CUST_0275,Female,41,North,Clothing,8,106.09,2026-03-17,848.72
CUST_0276,Female,26,East,Clothing,6,309.28,2026-06-11,1855.6799999999998
CUST_0277,Female,20,South,Electronics,1,147.53,2026-06-07,147.53
CUST_0278,Female,68,East,Sports,8,111.43,2025-12-14,891.44
CUST_0279,Female,48,Central,Beauty,8,263.12,2026-05-19,2104.96
CUST_0280,Female,57,South,Clothing,9,12.7,2026-05-30,114.3
CUST_0281,Female,54,West,Sports,9,13.76,2026-07-25,123.84
CUST_0282,Male,53,East,Electronics,2,117.34,2026-01-29,234.68
CUST_0283,Male,41,South,Home & Kitchen,2,27.99,2025-12-13,55.98
CUST_0284,Male,48,East,Sports,3,62.93,2026-03-01,188.79
CUST_0285,Female,23,South,Sports,1,176.04,2026-02-08,176.04
CUST_0286,Male,19,North,Home & Kitchen,4,403.27,2026-03-20,1613.08
CUST_0287,Male,37,East,Sports,4,290.3,2026-04-11,1161.2
CUST_0288,Female,45,West,Electronics,9,261.21,2026-07-22,2350.89
CUST_0289,Male,28,West,Electronics,9,153.81,2026-06-03,1384.29
CUST_0290,Female,21,Central,Home & Kitchen,9,466.56,2025-10-26,4199.04
CUST_0291,Male,32,South,Beauty,7,204.54,2026-03-13,1431.78
CUST_0292,Male,23,East,Clothing,2,52.68,2025-11-30,105.36
CUST_0293,Female,66,Central,Beauty,5,312.36,2025-10-26,1561.8000000000002
CUST_0294,Male,47,East,Sports,4,65.78,2025-10-11,263.12
CUST_0295,Male,55,South,Clothing,8,179.16,2026-03-14,1433.28
CUST_0296,Female,68,West,Home & Kitchen,2,258.63,2026-08-09,517.26
CUST_0297,Female,19,North,Home & Kitchen,6,438.37,2026-05-12,2630.2200000000003
CUST_0298,Male,32,West,Clothing,5,251.84,2026-09-23,1259.2
CUST_0299,Female,28,Central,Electronics,2,354.11,2026-03-07,708.22
CUST_0300,Male,25,North,Clothing,1,496.48,2026-09-12,496.48
CUST_0301,Male,43,Central,Sports,8,74.43,2026-09-13,595.44
CUST_0302,Female,68,South,Electronics,2,144.62,2026-02-19,289.24
CUST_0303,Female,62,North,Home & Kitchen,7,203.34,2026-01-15,1423.38
CUST_0304,Female,61,Central,Clothing,9,216.7,2026-02-16,1950.3
CUST_0305,Female,22,South,Beauty,9,211.4,2025-12-14,1902.6000000000001
CUST_0306,Non-Binary,23,West,Beauty,8,454.73,2026-07-29,3637.84
CUST_0307,Female,43,South,Sports,9,359.88,2026-08-11,3238.92
CUST_0308,Male,21,East,Beauty,2,307.87,2026-05-20,615.74
CUST_0309,Female,36,South,Clothing,6,161.59,2026-08-05,969.54
CUST_0310,Male,37,South,Clothing,4,413.66,2026-07-24,1654.64
CUST_0311,Male,50,East,Beauty,4,477.98,2026-08-27,1911.92
CUST_0312,Male,37,Central,Clothing,5,412.39,2025-12-22,2061.95
CUST_0313,Male,66,Central,Sports,3,10.77,2026-05-07,32.31
CUST_0314,Non-Binary,29,South,Electronics,1,321.84,2026-04-12,321.84
CUST_0315,Female,64,East,Sports,8,35.06,2025-10-22,280.48
CUST_0316,Female,18,East,Sports,5,136.23,2025-12-01,681.15
CUST_0317,Male,43,West,Clothing,3,39.17,2026-03-20,117.51
CUST_0318,Male,31,Central,Electronics,7,305.86,2026-09-30,2141.02
CUST_0319,Male,55,North,Clothing,7,346.43,2026-08-19,2425.01
CUST_0320,Male,54,Central,Home & Kitchen,1,66.1,2026-08-13,66.1
CUST_0321,Female,28,Central,Clothing,9,198.08,2025-10-08,1782.72
CUST_0322,Female,53,West,Clothing,2,233.56,2025-11-24,467.12
CUST_0323,Female,30,North,Clothing,5,190.84,2026-05-25,954.2
CUST_0324,Male,60,West,Electronics,5,69.3,2025-11-17,346.5
CUST_0325,Female,20,North,Clothing,8,215.28,2026-01-22,1722.24
CUST_0326,Female,50,South,Electronics,8,378.08,2026-07-23,3024.64
CUST_0327,Female,23,North,Beauty,7,44.79,2026-03-06,313.53
CUST_0328,Female,67,West,Home & Kitchen,7,49.29,2026-08-26,345.03
CUST_0329,Male,27,Central,Electronics,6,183.84,2026-06-17,1103.04
CUST_0330,Male,22,North,Beauty,6,471.45,2026-08-20,2828.7
CUST_0331,Male,40,North,Electronics,9,337.6,2026-08-05,3038.4
CUST_0332,Female,27,East,Electronics,6,342.55,2026-01-12,2055.3
CUST_0333,Male,61,Central,Home & Kitchen,2,187.34,2026-07-09,374.68
CUST_0334,Male,19,South,Sports,2,300.89,2026-04-09,601.78
CUST_0335,Male,30,West,Sports,5,14.96,2025-12-19,74.80000000000001
CUST_0336,Male,57,South,Electronics,4,321.69,2025-11-30,1286.76
CUST_0337,Female,19,Central,Clothing,2,457.51,2026-07-24,915.02
CUST_0338,Female,37,North,Beauty,3,310.16,2025-10-28,930.48
CUST_0339,Male,18,North,Clothing,7,438.11,2025-11-12,3066.77
CUST_0340,Male,54,Central,Clothing,8,364.75,2026-02-18,2918.0
CUST_0341,Female,26,North,Electronics,6,69.07,2026-05-09,414.41999999999996
CUST_0342,Male,34,North,Electronics,5,452.2,2025-09-30,2261.0
CUST_0343,Male,26,North,Electronics,1,42.56,2026-08-06,42.56
CUST_0344,Male,28,West,Electronics,8,271.64,2026-05-12,2173.12
CUST_0345,Male,32,West,Sports,3,79.65,2026-03-01,238.95000000000002
CUST_0346,Female,41,East,Electronics,6,15.74,2026-08-08,94.44
CUST_0347,Female,55,South,Sports,3,216.8,2025-10-24,650.4000000000001
CUST_0348,Male,52,Central,Sports,7,154.57,2025-11-21,1081.99
CUST_0349,Male,47,Central,Electronics,7,248.14,2025-11-27,1736.98
CUST_0350,Female,48,Central,Home & Kitchen,9,292.83,2026-09-27,2635.47
CUST_0351,Female,66,East,Beauty,5,31.43,2026-03-17,157.15
CUST_0352,Female,22,West,Clothing,8,70.27,2026-08-25,562.16
CUST_0353,Female,61,East,Sports,8,283.73,2026-05-06,2269.84
CUST_0354,Male,67,Central,Beauty,1,178.15,2026-06-09,178.15
CUST_0355,Male,31,South,Home & Kitchen,5,367.3,2026-02-23,1836.5
CUST_0356,Female,28,North,Clothing,3,329.62,2026-04-04,988.86
CUST_0357,Male,26,West,Clothing,1,424.35,2026-05-01,424.35
CUST_0358,Female,51,West,Sports,4,349.32,2026-06-18,1397.28
CUST_0359,Female,29,East,Electronics,8,220.67,2025-11-29,1765.36
CUST_0360,Female,52,West,Home & Kitchen,3,339.75,2026-02-27,1019.25
CUST_0361,Male,52,Central,Sports,2,144.94,2026-08-01,289.88
CUST_0362,Female,18,Central,Home & Kitchen,9,160.09,2026-04-06,1440.81
CUST_0363,Male,57,East,Electronics,5,396.6,2026-09-19,1983.0
CUST_0364,Female,39,Central,Electronics,7,228.75,2026-09-15,1601.25
CUST_0365,Female,46,South,Sports,2,401.21,2026-07-28,802.42
CUST_0366,Male,25,East,Electronics,9,412.99,2026-09-14,3716.91
CUST_0367,Non-Binary,28,South,Beauty,9,430.21,2026-07-03,3871.89
CUST_0368,Female,58,North,Clothing,4,459.15,2026-06-04,1836.6
CUST_0369,Male,54,South,Sports,4,221.18,2026-07-09,884.72
CUST_0370,Male,31,North,Home & Kitchen,6,166.24,2026-06-16,997.44
CUST_0371,Male,47,North,Beauty,6,295.28,2026-02-03,1771.6799999999998
CUST_0372,Male,52,South,Sports,1,191.87,2026-02-20,191.87
CUST_0373,Male,38,East,Electronics,9,304.53,2026-04-18,2740.7699999999995
CUST_0374,Female,54,Central,Electronics,2,355.74,2026-04-27,711.48
CUST_0375,Male,22,Central,Electronics,5,347.32,2026-09-09,1736.6
CUST_0376,Male,36,North,Electronics,9,193.53,2026-04-05,1741.77
CUST_0377,Female,31,North,Home & Kitchen,4,91.76,2026-06-30,367.04
CUST_0378,Male,43,East,Beauty,3,220.96,2026-06-24,662.88
CUST_0379,Female,21,West,Clothing,7,79.87,2026-03-05,559.09
CUST_0380,Male,42,South,Home & Kitchen,6,446.15,2025-10-20,2676.8999999999996
CUST_0381,Male,62,North,Home & Kitchen,8,179.48,2026-03-16,1435.84
CUST_0382,Female,59,Central,Clothing,3,85.69,2026-04-01,257.07
CUST_0383,Female,42,East,Clothing,5,22.47,2026-01-31,112.35
CUST_0384,Female,35,South,Electronics,4,326.45,2026-04-03,1305.8
CUST_0385,Female,57,East,Home & Kitchen,4,322.08,2026-09-06,1288.32
CUST_0386,Female,25,South,Sports,4,176.9,2026-06-12,707.6
CUST_0387,Male,56,South,Clothing,8,45.14,2026-01-20,361.12
CUST_0388,Male,57,North,Clothing,6,210.72,2026-07-05,1264.32
CUST_0389,Female,31,East,Beauty,3,162.5,2025-10-19,487.5
CUST_0390,Female,49,East,Sports,5,341.79,2026-07-20,1708.95
CUST_0391,Non-Binary,68,Central,Sports,6,306.83,2026-07-24,1840.98
CUST_0392,Male,55,Central,Clothing,5,188.65,2026-03-28,943.25
CUST_0393,Male,50,North,Electronics,6,116.77,2026-01-01,700.62
CUST_0394,Female,40,North,Beauty,8,494.14,2026-04-27,3953.12
CUST_0395,Male,32,West,Sports,7,232.46,2025-10-08,1627.22
CUST_0396,Female,50,Central,Clothing,5,347.25,2025-11-05,1736.25
CUST_0397,Female,42,South,Sports,6,78.87,2026-09-10,473.22
CUST_0398,Male,34,East,Beauty,4,247.94,2026-05-13,991.76
CUST_0399,Female,50,North,Beauty,9,23.49,2025-12-18,211.41
CUST_0400,Female,64,East,Home & Kitchen,4,257.67,2026-09-11,1030.68
CUST_0401,Male,19,East,Clothing,1,482.37,2026-04-21,482.37
CUST_0402,Female,31,West,Beauty,7,198.26,2026-09-14,1387.82
CUST_0403,Female,57,Central,Home & Kitchen,7,29.11,2026-05-15,203.76999999999998
CUST_0404,Female,57,North,Home & Kitchen,4,25.17,2026-05-22,100.68
CUST_0405,Male,68,East,Sports,3,200.11,2025-11-19,600.33
CUST_0406,Female,56,North,Sports,8,88.41,2026-07-14,707.28
CUST_0407,Male,68,South,Home & Kitchen,5,21.44,2026-09-23,107.2
CUST_0408,Male,23,West,Sports,7,380.54,2026-01-30,2663.78
CUST_0409,Female,23,South,Beauty,4,234.68,2026-08-16,938.72
CUST_0410,Male,20,North,Electronics,4,151.73,2026-01-19,606.92
CUST_0411,Male,24,North,Beauty,8,451.04,2025-12-08,3608.32
CUST_0412,Female,68,Central,Home & Kitchen,8,66.91,2025-11-11,535.28
CUST_0413,Female,25,East,Home & Kitchen,2,478.4,2025-10-29,956.8
CUST_0414,Female,59,East,Beauty,2,163.84,2025-10-16,327.68
CUST_0415,Female,69,South,Sports,3,445.32,2026-02-11,1335.96
CUST_0416,Male,32,West,Sports,3,305.44,2026-02-19,916.3199999999999
CUST_0417,Male,64,East,Home & Kitchen,1,415.09,2026-04-19,415.09
CUST_0418,Male,46,Central,Clothing,3,492.17,2026-04-22,1476.51
CUST_0419,Female,50,South,Sports,6,151.32,2026-04-06,907.92
CUST_0420,Female,69,South,Beauty,8,480.96,2025-12-27,3847.68
CUST_0421,Female,47,Central,Sports,6,200.85,2025-12-23,1205.1
CUST_0422,Female,56,West,Beauty,5,198.9,2026-02-24,994.5
CUST_0423,Male,44,Central,Home & Kitchen,4,176.79,2026-06-03,707.16
CUST_0424,Female,53,West,Sports,3,275.29,2025-10-07,825.8700000000001
CUST_0425,Male,46,Central,Beauty,4,85.53,2026-05-07,342.12
CUST_0426,Female,55,Central,Home & Kitchen,7,281.32,2026-05-12,1969.24
CUST_0427,Male,50,North,Clothing,1,275.44,2026-07-11,275.44
CUST_0428,Female,54,South,Beauty,7,383.33,2025-12-05,2683.31
CUST_0429,Male,44,Central,Clothing,1,418.49,2026-04-19,418.49
CUST_0430,Male,50,Central,Clothing,2,225.82,2026-04-07,451.64
CUST_0431,Male,21,East,Electronics,4,158.14,2026-05-17,632.56
CUST_0432,Female,39,South,Sports,1,137.07,2026-03-18,137.07
CUST_0433,Female,19,East,Beauty,9,105.37,2025-12-20,948.33
CUST_0434,Male,27,South,Clothing,6,38.25,2025-10-01,229.5
CUST_0435,Male,22,East,Electronics,1,177.8,2025-10-18,177.8
CUST_0436,Female,27,Central,Home & Kitchen,1,142.42,2026-05-07,142.42
CUST_0437,Male,50,Central,Beauty,6,483.54,2026-06-12,2901.2400000000002
CUST_0438,Female,55,North,Clothing,4,283.28,2025-10-04,1133.12
CUST_0439,Female,30,East,Sports,4,180.17,2025-12-26,720.68
CUST_0440,Male,48,West,Electronics,6,294.43,2026-07-10,1766.58
CUST_0441,Male,64,North,Clothing,7,78.21,2026-07-26,547.4699999999999
CUST_0442,Non-Binary,53,East,Sports,9,227.58,2026-05-23,2048.2200000000003
CUST_0443,Male,62,East,Clothing,5,316.85,2025-11-01,1584.25
CUST_0444,Male,41,North,Beauty,9,249.56,2026-02-18,2246.04
CUST_0445,Female,69,Central,Beauty,4,206.87,2026-03-04,827.48
CUST_0446,Female,32,East,Beauty,2,496.99,2026-07-05,993.98
CUST_0447,Non-Binary,46,Central,Electronics,3,441.35,2026-01-24,1324.0500000000002
CUST_0448,Female,25,North,Beauty,1,315.47,2025-11-21,315.47
CUST_0449,Male,22,Central,Sports,6,288.99,2026-09-15,1733.94
CUST_0450,Male,46,South,Clothing,6,314.12,2025-10-25,1884.72
CUST_0451,Female,64,West,Home & Kitchen,1,108.64,2025-12-10,108.64
CUST_0452,Female,21,East,Sports,3,203.62,2025-12-26,610.86
CUST_0453,Male,29,West,Sports,5,29.34,2026-05-03,146.7
CUST_0454,Female,62,Central,Beauty,3,243.02,2026-04-07,729.0600000000001
CUST_0455,Male,19,East,Electronics,3,276.08,2026-03-27,828.24
CUST_0456,Female,44,Central,Clothing,3,121.6,2025-11-12,364.79999999999995
CUST_0457,Male,48,South,Electronics,5,482.37,2026-03-31,2411.85
CUST_0458,Male,68,North,Clothing,5,455.63,2025-12-22,2278.15
CUST_0459,Male,68,East,Clothing,4,363.85,2025-12-02,1455.4
CUST_0460,Male,53,South,Electronics,1,271.36,2026-03-08,271.36
CUST_0461,Male,53,South,Sports,5,436.28,2025-10-31,2181.3999999999996
CUST_0462,Female,43,East,Clothing,5,74.02,2026-04-30,370.09999999999997
CUST_0463,Female,60,Central,Electronics,4,397.35,2026-01-30,1589.4
CUST_0464,Female,44,South,Clothing,6,71.16,2026-06-14,426.96
CUST_0465,Non-Binary,22,West,Home & Kitchen,4,399.16,2026-03-17,1596.64
CUST_0466,Male,37,South,Sports,7,145.13,2026-04-13,1015.91
CUST_0467,Male,28,Central,Beauty,7,439.77,2026-03-05,3078.39
CUST_0468,Female,27,Central,Clothing,2,472.58,2026-02-19,945.16
CUST_0469,Male,57,West,Home & Kitchen,3,82.91,2026-07-26,248.73
CUST_0470,Non-Binary,55,South,Beauty,1,236.71,2026-06-05,236.71
CUST_0471,Male,23,Central,Beauty,8,490.68,2025-10-15,3925.44
CUST_0472,Non-Binary,25,East,Clothing,9,246.87,2026-08-23,2221.83
CUST_0473,Male,40,North,Electronics,4,433.14,2026-09-02,1732.56
CUST_0474,Female,64,North,Clothing,6,298.48,2026-07-28,1790.88
CUST_0475,Female,43,North,Home & Kitchen,9,193.91,2026-08-07,1745.19
CUST_0476,Non-Binary,63,South,Beauty,6,150.03,2025-10-23,900.1800000000001
CUST_0477,Male,60,West,Clothing,9,109.58,2026-02-28,986.22
CUST_0478,Female,29,Central,Electronics,4,383.28,2026-03-01,1533.12
CUST_0479,Non-Binary,43,East,Clothing,8,199.4,2025-12-14,1595.2
CUST_0480,Female,30,East,Sports,9,260.52,2026-07-16,2344.68
CUST_0481,Female,57,South,Electronics,4,251.24,2026-05-19,1004.96
CUST_0482,Female,35,North,Home & Kitchen,5,292.87,2026-06-20,1464.35
CUST_0483,Male,42,South,Beauty,8,434.13,2026-02-14,3473.04
CUST_0484,Female,50,West,Clothing,6,490.56,2026-08-07,2943.36
CUST_0485,Female,64,West,Electronics,7,209.72,2026-05-11,1468.04
CUST_0486,Female,57,Central,Sports,3,415.48,2026-01-11,1246.44
CUST_0487,Male,60,Central,Electronics,7,384.62,2025-12-31,2692.34
CUST_0488,Male,29,West,Sports,8,291.03,2025-12-29,2328.24
CUST_0489,Female,61,West,Home & Kitchen,6,478.46,2026-08-19,2870.7599999999998
CUST_0490,Female,53,West,Beauty,9,108.23,2025-12-04,974.07
CUST_0491,Male,65,South,Home & Kitchen,6,63.54,2025-11-11,381.24
CUST_0492,Female,21,West,Clothing,9,428.44,2026-05-18,3855.96
CUST_0493,Male,22,East,Electronics,4,225.18,2026-01-13,900.72
CUST_0494,Male,54,North,Sports,8,425.01,2025-11-12,3400.08
CUST_0495,Male,25,West,Sports,4,447.61,2026-08-27,1790.44
CUST_0496,Male,59,North,Electronics,2,40.6,2026-05-07,81.2
CUST_0497,Female,66,South,Electronics,9,442.9,2025-10-28,3986.1
CUST_0498,Male,45,North,Clothing,5,229.68,2025-11-12,1148.4
CUST_0499,Non-Binary,48,South,Home & Kitchen,4,260.11,2025-11-07,1040.44
CUST_0500,Non-Binary,26,East,Sports,2,317.03,2026-01-11,634.06
